{
    "AWSTemplateFormatVersion": "2010-09-09",
    "Metadata": {
        "AWS::CloudFormation::Designer": {
            "c564a3a4-6892-44ce-b147-125a225bd011": {
                "size": {
                    "width": 60,
                    "height": 60
                },
                "position": {
                    "x": 340,
                    "y": 10
                },
                "z": 0,
                "embeds": []
            },
            "31c64eb2-a22a-4f39-89e8-8149003f750c": {
                "size": {
                    "width": 60,
                    "height": 60
                },
                "position": {
                    "x": 340,
                    "y": -90
                },
                "z": 0,
                "embeds": []
            },
            "4c2bdb35-f695-4401-97c0-1956e808a89c": {
                "size": {
                    "width": 60,
                    "height": 60
                },
                "position": {
                    "x": 150,
                    "y": 10
                },
                "z": 0,
                "embeds": []
            },
            "226ca93a-77d5-4e77-912f-4beb15b268c5": {
                "size": {
                    "width": 60,
                    "height": 60
                },
                "position": {
                    "x": 482.33517260495773,
                    "y": -151.8720738148522
                },
                "z": 0,
                "embeds": [],
                "isassociatedwith": [
                    "31c64eb2-a22a-4f39-89e8-8149003f750c"
                ]
            },
            "0e4c86c0-c19f-4e5e-a75b-9a4b83bb66e6": {
                "size": {
                    "width": 60,
                    "height": 60
                },
                "position": {
                    "x": 340,
                    "y": 110
                },
                "z": 0,
                "embeds": []
            },
            "461dca28-584d-4393-a39c-33d6c1553f58": {
                "size": {
                    "width": 60,
                    "height": 60
                },
                "position": {
                    "x": 550,
                    "y": 10
                },
                "z": 0,
                "embeds": [],
                "dependson": [
                    "d7e88c58-b23d-4069-a554-5843f359a26b"
                ]
            },
            "d7e88c58-b23d-4069-a554-5843f359a26b": {
                "size": {
                    "width": 60,
                    "height": 60
                },
                "position": {
                    "x": 620,
                    "y": -70
                },
                "z": 0,
                "embeds": []
            },
            "a7140dd2-a449-4e36-96b3-2ef316c34a17": {
                "size": {
                    "width": 60,
                    "height": 60
                },
                "position": {
                    "x": 440,
                    "y": 10
                },
                "z": 0,
                "embeds": [],
                "isassociatedwith": [
                    "461dca28-584d-4393-a39c-33d6c1553f58"
                ]
            },
            "1b0a0c79-7fd5-4379-93a5-a446b7051f5c": {
                "source": {
                    "id": "461dca28-584d-4393-a39c-33d6c1553f58"
                },
                "target": {
                    "id": "d7e88c58-b23d-4069-a554-5843f359a26b"
                },
                "z": 11
            }
        }
    },
    "Resources": {
        "Distribution": {
            "Type": "AWS::CloudFront::Distribution",
            "Properties": {
                "DistributionConfig": {
                    "Aliases": [
                        {
                            "Fn::Join": [
                                ".",
                                [
                                    {
                                        "Ref": "ScopeName"
                                    },
                                    {
                                        "Ref": "ApexDomainName"
                                    }
                                ]
                            ]
                        }
                    ],
                    "CacheBehaviors": [
                        {
                            "PathPattern": "listing/*",
                            "AllowedMethods": [
                                "GET",
                                "HEAD"
                            ],
                            "DefaultTTL": 900,
                            "MaxTTL": 900,
                            "MinTTL": 900,
                            "ForwardedValues": {
                                "QueryString": false,
                                "Headers": [
                                    "Host"
                                ]
                            },
                            "TargetOriginId": "BackendStaticOrigin",
                            "ViewerProtocolPolicy": "redirect-to-https",
                            "Compress": true
                        }
                    ],
                    "Comment": {
                        "Ref": "AWS::StackName"
                    },
                    "DefaultCacheBehavior": {
                        "AllowedMethods": [
                            "GET",
                            "HEAD"
                        ],
                        "DefaultTTL": 0,
                        "MaxTTL": 0,
                        "MinTTL": 0,
                        "ForwardedValues": {
                            "QueryString": false,
                            "Headers": []
                        },
                        "TargetOriginId": "PublicBucketOrigin",
                        "ViewerProtocolPolicy": "redirect-to-https",
                        "Compress": true,
                        "LambdaFunctionAssociations": [
                            {
                                "EventType": "origin-request",
                                "LambdaFunctionARN": {
                                    "Ref": "OriginRequestFunctionVersion"
                                }
                            }
                        ],
                        "FunctionAssociations": [
                            {
                                "EventType": "viewer-request",
                                "FunctionARN": {
                                    "Fn::GetAtt": [
                                        "ViewerRequest",
                                        "FunctionMetadata.FunctionARN"
                                    ]
                                }
                            }
                        ]
                    },
                    "Enabled": true,
                    "Origins": [
                        {
                            "DomainName": {
                                "Fn::GetAtt": [
                                    "PublicBucket",
                                    "RegionalDomainName"
                                ]
                            },
                            "Id": "PublicBucketOrigin",
                            "S3OriginConfig": {}
                        },
                        {
                            "DomainName": {
                                "Fn::Join": [
                                    ".",
                                    [
                                        {
                                            "Fn::Join": [
                                                "-",
                                                [
                                                    {
                                                        "Ref": "ScopeName"
                                                    },